Feature,Mean_X,Mean_Y
hyperreflexia,-0.7544368,2.4203312
sensory,2.6310995,3.412606
hypertonia,1.331037,1.1296118
hyporeflexia,1.2604934,3.8750305
eye_movements,-1.5883669,-0.7821154
incoordination,-1.1198509,-1.2760526
atrophy,3.0782585,3.922348
tremor,-1.059228,2.398923
weakness,2.0939097,2.7539446
